normalized_form	token_count	text_count	texts	variants	lemmas	best_gloss_hint	examples	review_action	review_note
eskeri	67	4	kauge-nyerib-u-hyeni:38; kauge-nyerib-u-sivani:21; ali-agha-ladi-kelhani:4; degirmenci-ve-tilki:4	eskêri; e̱skéri; Eskêri; E̱skéri; e̱skéri	eskeri	army	ali-agha-ladi-kelhani:a01_l09:5 eskêri = army | ali-agha-ladi-kelhani:a02_l08:9 eskêri = army | ali-agha-ladi-kelhani:a03_l06:9 eskêri = army	needs_review	not_reviewed
begi	28	2	kauge-nyerib-u-hyeni:25; gespraech-mit-hassan:3	begi; bé̱gi; bé̱gi,; bé̱gi; bé̱gi.	begi	Beg, title; Beg	gespraech-mit-hassan:h03_l10:9 begi = Beg | gespraech-mit-hassan:h03_l11:7 begi = Beg | gespraech-mit-hassan:h03_l15:7 begi = Beg	needs_review	not_reviewed
cenyay	22	3	uc-kardes-masali:13; goin-puhu-kusunun-hikayesi:8; kauge-nyerib-u-hyeni:1	cênyay; Cênyay; d̮éniai; D̮éniai; d̮éniai	deniai	woman; wife	goin-puhu-kusunun-hikayesi:g01_l01:4 cênyay = woman | goin-puhu-kusunun-hikayesi:g01_l02:2 Cênyay = woman | goin-puhu-kusunun-hikayesi:g02_l04:5 cênyay = woman	needs_review	not_reviewed
pasay	20	1	degirmenci-ve-tilki:20	paşay; pašai; Paşay; pašaí; Pašaí	pasai	pasha	degirmenci-ve-tilki:mf02_l10:5 paşay = pasha | degirmenci-ve-tilki:mf02_l12:7 Paşay = pasha | degirmenci-ve-tilki:mf02_l13:6 paşay = pasha	needs_review	not_reviewed
kagit	17	1	uc-kardes-masali:17	kağit; kaγít	kagit		uc-kardes-masali:tb03_l01:5 kağit | uc-kardes-masali:tb03_l03:8 kağit | uc-kardes-masali:tb03_l04:6 kağit	needs_review	not_reviewed
bi	16	6	uc-kardes-masali:5; goin-puhu-kusunun-hikayesi:4; kauge-nyerib-u-hyeni:4; ali-agha-ladi-kelhani:1; degirmenci-ve-tilki:1; kauge-nyerib-u-sivani:1	bi; bī; bī,; bi,; bı	bi	was; to	ali-agha-ladi-kelhani:a02_l09:5 bi = to | degirmenci-ve-tilki:mf01_l01:1 bi = to | goin-puhu-kusunun-hikayesi:g01_l01:6 bi = was	needs_review	not_reviewed
het	14	5	uc-kardes-masali:7; degirmenci-ve-tilki:3; ali-agha-ladi-kelhani:2; goin-puhu-kusunun-hikayesi:1; kauge-nyerib-u-hyeni:1	'hêt; 'het; h̔ēt,; h̔et,; h̔et.	het	side; to	ali-agha-ladi-kelhani:a02_l08:2 'hêt = side | ali-agha-ladi-kelhani:a02_l09:11 'het = side | degirmenci-ve-tilki:mf02_l10:7 'hêt = to	needs_review	not_reviewed
gelanke	14	3	uc-kardes-masali:9; kauge-nyerib-u-sivani:4; ali-agha-ladi-kelhani:1	gêlankê; gelā́ṅke; gelā́ṅke; gelāṅke; gelānke	gelanke	occasion	ali-agha-ladi-kelhani:a03_l12:5 gêlankê = occasion | kauge-nyerib-u-sivani:s03_l12:7 gêlankê = occasion | kauge-nyerib-u-sivani:s04_l07:3 gêlankê = occasion	needs_review	not_reviewed
namey	11	4	uc-kardes-masali:5; gespraech-mit-hassan:4; ali-agha-ladi-kelhani:1; degirmenci-ve-tilki:1	namêy; Namêy; nameí; Nāmeí; Nameí	namei; nam	name; EZ/GEN	ali-agha-ladi-kelhani:a01_l01:7 Namêy = name | degirmenci-ve-tilki:mf03_l06:2 namêy = name | gespraech-mit-hassan:h01_l03:0 Namêy = name; EZ/GEN	needs_review	not_reviewed
pasa	11	1	degirmenci-ve-tilki:11	paşa; pašá; Paşa; Pašá; pašá,	pasa	pasha	degirmenci-ve-tilki:mf03_l03:9 paşa = pasha | degirmenci-ve-tilki:mf03_l08:10 paşa = pasha | degirmenci-ve-tilki:mf03_l16:9 Paşa = pasha	needs_review	not_reviewed
tera	10	5	kauge-nyerib-u-hyeni:4; goin-puhu-kusunun-hikayesi:3; degirmenci-ve-tilki:1; kauge-nyerib-u-sivani:1; uc-kardes-masali:1	têra; terá; terá; téra; téra	tera	from; with; off	degirmenci-ve-tilki:mf04_l13:7 têra = from | goin-puhu-kusunun-hikayesi:g01_l02:0 têra = with | goin-puhu-kusunun-hikayesi:g03_l12:5 têra = with	needs_review	not_reviewed
de	9	3	uc-kardes-masali:6; degirmenci-ve-tilki:2; goin-puhu-kusunun-hikayesi:1	dê; de,; de; de.; dé	de	in	degirmenci-ve-tilki:mf02_l04:1 dê = in | degirmenci-ve-tilki:mf02_l07:9 dê = in | goin-puhu-kusunun-hikayesi:g03_l07:0 dê = in	needs_review	not_reviewed
emsoe	9	3	uc-kardes-masali:5; kauge-nyerib-u-hyeni:3; kauge-nyerib-u-sivani:1	emşoê; é̱mšoe; ḗ̱mšoe; é̱mšoe	emsoe	tonight	kauge-nyerib-u-hyeni:h04_l03:5 emşoê = tonight | kauge-nyerib-u-hyeni:h04_l04:0 emşoê = tonight | kauge-nyerib-u-hyeni:h04_l09:0 emşoê = tonight	needs_review	not_reviewed
na	9	3	uc-kardes-masali:6; kauge-nyerib-u-hyeni:2; kauge-nyerib-u-sivani:1	na; nā; nā.; nā.; na,	na	ended; not	kauge-nyerib-u-hyeni:h05_l03:7 na = not | kauge-nyerib-u-hyeni:h09_l10:10 na = not | kauge-nyerib-u-sivani:s06_l04:4 na = ended	needs_review	not_reviewed
hete	9	2	uc-kardes-masali:7; ali-agha-ladi-kelhani:2	'hêtê; h̔ēte; hetê; hé̱te; 'hetê	hete	with; side	ali-agha-ladi-kelhani:a02_l10:5 hetê = side | ali-agha-ladi-kelhani:a03_l09:9 'hetê = side | uc-kardes-masali:tb02_l16:9 'hêtê = with	needs_review	not_reviewed
hadre	8	3	kauge-nyerib-u-hyeni:4; kauge-nyerib-u-sivani:3; uc-kardes-masali:1	'hadre; h̔adré̱; h̔ādré̱; 'hadrê; h̔ādré	hadre	ready	kauge-nyerib-u-hyeni:h03_l01:0 'hadre = ready | kauge-nyerib-u-hyeni:h03_l07:0 'hadre = ready | kauge-nyerib-u-hyeni:h05_l05:2 'hadre = ready	needs_review	not_reviewed
roc	7	3	kauge-nyerib-u-hyeni:5; degirmenci-ve-tilki:1; kauge-nyerib-u-sivani:1	roc; rōd̮; Roc; Rōd̮; rōd̮,	rod	day(s); day; days	degirmenci-ve-tilki:mf01_l02:1 Roc = day | kauge-nyerib-u-hyeni:h06_l09:11 roc = day(s) | kauge-nyerib-u-hyeni:h06_l12:6 roc = day(s)	needs_review	not_reviewed
soba	7	3	uc-kardes-masali:5; ali-agha-ladi-kelhani:1; kauge-nyerib-u-hyeni:1	soba; so̤bā́; Soba; So̤bá; söbā́	soba	morning	ali-agha-ladi-kelhani:a04_l08:6 Soba = morning | kauge-nyerib-u-hyeni:h04_l09:2 soba = morning | uc-kardes-masali:tb05_l13:4 soba = morning	needs_review	not_reviewed
waxte	7	3	kauge-nyerib-u-hyeni:3; gespraech-mit-hassan:2; kauge-nyerib-u-sivani:2	waxtê; wáχte; waχte; wā́χte	waxte	time	gespraech-mit-hassan:h03_l02:2 waxtê = time | gespraech-mit-hassan:h03_l06:2 waxtê = time | kauge-nyerib-u-hyeni:h03_l06:9 waxtê = time	needs_review	not_reviewed
beg	7	2	kauge-nyerib-u-hyeni:6; gespraech-mit-hassan:1	beg; be̱g; Beg; Be̱g	beg	Beg, title; Beg	gespraech-mit-hassan:h02_l01:1 Beg = Beg | kauge-nyerib-u-hyeni:h04_l01:1 beg = Beg, title | kauge-nyerib-u-hyeni:h05_l05:7 beg = Beg, title	needs_review	not_reviewed
vist	7	2	kauge-nyerib-u-hyeni:5; kauge-nyerib-u-sivani:2	vist; vīst; vīst; Vist; Vīst	vist	twenty	kauge-nyerib-u-hyeni:h06_l09:10 vist = twenty | kauge-nyerib-u-hyeni:h06_l12:5 vist = twenty | kauge-nyerib-u-hyeni:h06_l14:2 vist = twenty	needs_review	not_reviewed
begiri	7	1	kauge-nyerib-u-hyeni:7	begiri; bé̱giri; bé̱giri.	begi	Beg; GOAL/RECIP	kauge-nyerib-u-hyeni:h03_l08:3 begiri = Beg; GOAL/RECIP | kauge-nyerib-u-hyeni:h04_l03:1 begiri = Beg; GOAL/RECIP | kauge-nyerib-u-hyeni:h05_l15:8 begiri = Beg; GOAL/RECIP	needs_review	not_reviewed
bu	6	2	uc-kardes-masali:4; goin-puhu-kusunun-hikayesi:2	bu; bu,; bu.; bū.; bú.	bu	be	goin-puhu-kusunun-hikayesi:g02_l09:6 bu = be | goin-puhu-kusunun-hikayesi:g03_l08:10 bu = be | uc-kardes-masali:tb02_l01:7 bu = be	needs_review	not_reviewed
cina	6	2	uc-kardes-masali:5; goin-puhu-kusunun-hikayesi:1	çına; t̮í̥na; çina; t̮ína,; t̮í̥na,	tina	cuts; is not there	goin-puhu-kusunun-hikayesi:g04_l05:9 çına = is not there | uc-kardes-masali:tb01_l09:5 çına = cuts | uc-kardes-masali:tb02_l06:5 çina = cuts	needs_review	not_reviewed
lawna	6	2	kauge-nyerib-u-sivani:4; kauge-nyerib-u-hyeni:2	lawna; launā́; launā	launa	kissed	kauge-nyerib-u-hyeni:h09_l08:3 lawna = kissed | kauge-nyerib-u-hyeni:h09_l08:9 lawna = kissed | kauge-nyerib-u-sivani:s05_l11:5 lawna = kissed	needs_review	not_reviewed
kici	6	1	uc-kardes-masali:6	kıci; ki̥d̮i; kí̥d̮i	kidi	small	uc-kardes-masali:tb01_l01:9 kıci = small | uc-kardes-masali:tb05_l13:0 kıci = small | uc-kardes-masali:tb06_l01:5 kıci = small	needs_review	not_reviewed
we	5	5	ali-agha-ladi-kelhani:1; degirmenci-ve-tilki:1; kauge-nyerib-u-hyeni:1; kauge-nyerib-u-sivani:1; uc-kardes-masali:1	we; we̱; we̱-; wê; we-	we	out-; let; and	ali-agha-ladi-kelhani:a04_l10:10 we = out- | degirmenci-ve-tilki:mf04_l10:13 we = let | kauge-nyerib-u-hyeni:h06_l06:0 we = and	needs_review	not_reviewed
alah	5	4	uc-kardes-masali:2; ali-agha-ladi-kelhani:1; degirmenci-ve-tilki:1; kauge-nyerib-u-sivani:1	Alah; Aláh	alah	God	ali-agha-ladi-kelhani:a03_l13:0 Alah = God | degirmenci-ve-tilki:mf01_l01:5 Alah = God | kauge-nyerib-u-sivani:s04_l09:0 Alah = God	needs_review	not_reviewed
ge	5	4	kauge-nyerib-u-sivani:2; degirmenci-ve-tilki:1; goin-puhu-kusunun-hikayesi:1; uc-kardes-masali:1	gê; ge-; ǵe,	ge	put on; go; occasion-	degirmenci-ve-tilki:mf03_l13:4 gê = put on | goin-puhu-kusunun-hikayesi:g02_l14:10 gê = go | kauge-nyerib-u-sivani:s04_l02:11 gê = occasion-	needs_review	not_reviewed
la	5	4	degirmenci-ve-tilki:2; goin-puhu-kusunun-hikayesi:1; kauge-nyerib-u-sivani:1; uc-kardes-masali:1	la; la-	la	but-	degirmenci-ve-tilki:mf03_l01:3 la = but- | degirmenci-ve-tilki:mf03_l01:10 la = but- | goin-puhu-kusunun-hikayesi:g04_l01:5 la = but-	needs_review	not_reviewed
izmi	5	3	degirmenci-ve-tilki:2; kauge-nyerib-u-hyeni:2; uc-kardes-masali:1	izmi; ī́zmi; ī́zmí	izmi	permission	degirmenci-ve-tilki:mf02_l12:1 izmi = permission | degirmenci-ve-tilki:mf02_l12:9 izmi = permission | kauge-nyerib-u-hyeni:h05_l09:5 izmi = permission	needs_review	not_reviewed
nye	5	3	goin-puhu-kusunun-hikayesi:2; kauge-nyerib-u-hyeni:2; kauge-nyerib-u-sivani:1	nyê; ńe; ńe; Nyê; Ńe-	ne	not; Nerib-	goin-puhu-kusunun-hikayesi:g03_l02:7 nyê = not | goin-puhu-kusunun-hikayesi:g03_l02:10 nyê = not | kauge-nyerib-u-hyeni:h03_l08:8 nyê = not	needs_review	not_reviewed
qawi	5	3	goin-puhu-kusunun-hikayesi:2; uc-kardes-masali:2; kauge-nyerib-u-sivani:1	qawi; qaúwi; qaúwi; qaú’i	qauwi; qaui	surely; why; why?	goin-puhu-kusunun-hikayesi:g03_l06:4 qawi = surely | goin-puhu-kusunun-hikayesi:g03_l13:9 qawi = surely | kauge-nyerib-u-sivani:s01_l08:10 qawi = why?	needs_review	not_reviewed
bani	5	2	gespraech-mit-hassan:4; kauge-nyerib-u-sivani:1	bani; bā́ni	bani	houses; house	gespraech-mit-hassan:h02_l06:1 bani = houses | gespraech-mit-hassan:h02_l07:1 bani = houses | gespraech-mit-hassan:h02_l13:3 bani = houses	needs_review	not_reviewed
bera	5	2	uc-kardes-masali:4; kauge-nyerib-u-sivani:1	bêra; berá; berá; berā́; berá,	bera	brother; here	kauge-nyerib-u-sivani:s01_l10:1 bêra = here | uc-kardes-masali:tb07_l05:2 bêra = brother | uc-kardes-masali:tb07_l06:4 bêra = brother	needs_review	not_reviewed
bikeri	5	2	kauge-nyerib-u-hyeni:3; uc-kardes-masali:2	bıkêri; bi̥kéri.; bi̥kéri,; bi̥kérí,; bi̥kerí.	bi-	CONJ/FUT; fight/do	kauge-nyerib-u-hyeni:h02_l12:3 bıkêri = CONJ/FUT; fight/do | kauge-nyerib-u-hyeni:h02_l15:3 bıkêri = CONJ/FUT; fight/do | kauge-nyerib-u-hyeni:h03_l09:2 bıkêri = CONJ/FUT; fight/do	needs_review	not_reviewed
esker	5	2	kauge-nyerib-u-hyeni:3; ali-agha-ladi-kelhani:2	eskêr; e̱skér; e̱skér; Eskêr; E̱skér	esker	army; soldier	ali-agha-ladi-kelhani:a02_l07:8 eskêr = soldier | ali-agha-ladi-kelhani:a04_l06:9 Eskêr = soldier | kauge-nyerib-u-hyeni:h04_l05:7 eskêr = army	needs_review	not_reviewed
simsyeri	5	2	uc-kardes-masali:4; kauge-nyerib-u-hyeni:1	şimşyêri; šimšyẹ̄́ri; şımşyêri; ši̥mšyẹ̄́ri	simsyeri	sword	kauge-nyerib-u-hyeni:h02_l01:7 şımşyêri = sword | uc-kardes-masali:tb08_l13:1 şimşyêri = sword | uc-kardes-masali:tb08_l14:9 şimşyêri = sword	needs_review	not_reviewed
byaru	5	1	uc-kardes-masali:5	byaru; biáru.	biaru	bring	uc-kardes-masali:tb03_l11:2 byaru = bring | uc-kardes-masali:tb03_l14:4 byaru = bring | uc-kardes-masali:tb05_l13:8 byaru = bring	needs_review	not_reviewed
eystu	5	1	goin-puhu-kusunun-hikayesi:5	êyştu; eíštu	eistu	threw	goin-puhu-kusunun-hikayesi:g02_l07:0 êyştu = threw | goin-puhu-kusunun-hikayesi:g02_l08:10 êyştu = threw | goin-puhu-kusunun-hikayesi:g02_l10:11 êyştu = threw	needs_review	not_reviewed
kawgaw	5	1	kauge-nyerib-u-hyeni:5	kawğaw; kauγaú.; kauγaú,	kaugau	fought	kauge-nyerib-u-hyeni:h03_l04:2 kawğaw = fought | kauge-nyerib-u-hyeni:h03_l07:6 kawğaw = fought | kauge-nyerib-u-hyeni:h03_l13:6 kawğaw = fought	needs_review	not_reviewed
laceki	5	1	goin-puhu-kusunun-hikayesi:5	lacêki; lā́d̮eki; lā́d̮eki	ladeki	of the boy	goin-puhu-kusunun-hikayesi:g03_l05:3 lacêki = of the boy | goin-puhu-kusunun-hikayesi:g03_l14:1 lacêki = of the boy | goin-puhu-kusunun-hikayesi:g03_l15:5 lacêki = of the boy	needs_review	not_reviewed
nost	5	1	uc-kardes-masali:5	noşt; no̤št,; no̤št:; nošt,; nöšt,	nost	wrote	uc-kardes-masali:tb03_l01:6 noşt = wrote | uc-kardes-masali:tb03_l09:0 noşt = wrote | uc-kardes-masali:tb04_l13:3 noşt = wrote	needs_review	not_reviewed
nostu	5	1	uc-kardes-masali:5	noştu; nó̤štu; no̤štu; no̤štu,; nó̤štu.	nostu	wrote	uc-kardes-masali:tb03_l05:10 noştu = wrote | uc-kardes-masali:tb03_l12:7 noştu = wrote | uc-kardes-masali:tb05_l05:2 noştu = wrote	needs_review	not_reviewed
taalan	5	1	kauge-nyerib-u-sivani:5	taalan; tá’alan	taalan	plunder	kauge-nyerib-u-sivani:s03_l11:12 taalan = plunder | kauge-nyerib-u-sivani:s03_l13:6 taalan = plunder | kauge-nyerib-u-sivani:s05_l01:8 taalan = plunder	needs_review	not_reviewed
sebah	4	4	degirmenci-ve-tilki:1; goin-puhu-kusunun-hikayesi:1; kauge-nyerib-u-hyeni:1; kauge-nyerib-u-sivani:1	sêbah; Sêbah; sebáh; Sebáh; sebāh	sebah	morning	degirmenci-ve-tilki:mf01_l03:0 sêbah = morning | goin-puhu-kusunun-hikayesi:g02_l07:2 Sêbah = morning | kauge-nyerib-u-hyeni:h07_l09:1 sêbah = morning	needs_review	not_reviewed
su	4	4	degirmenci-ve-tilki:1; goin-puhu-kusunun-hikayesi:1; kauge-nyerib-u-sivani:1; uc-kardes-masali:1	şu; šu; šu; su; su-	su	went; shepherds-	degirmenci-ve-tilki:mf05_l08:5 şu = went | goin-puhu-kusunun-hikayesi:g02_l06:2 şu = went | kauge-nyerib-u-sivani:s05_l01:10 su = shepherds-	needs_review	not_reviewed
vinde	4	4	degirmenci-ve-tilki:1; goin-puhu-kusunun-hikayesi:1; kauge-nyerib-u-sivani:1; uc-kardes-masali:1	vındê; vindê; vínde,; ví̥nde.; ví̥nde,	vinde	stay	degirmenci-ve-tilki:mf04_l14:4 vindê = stay | goin-puhu-kusunun-hikayesi:g03_l02:12 vındê = stay | kauge-nyerib-u-sivani:s04_l02:8 vındê = stay	needs_review	not_reviewed
bigi	4	3	kauge-nyerib-u-sivani:2; degirmenci-ve-tilki:1; uc-kardes-masali:1	bıgi; bi̥ǵí,; bigi; bigí,; bi̥ǵí,	bi-	CONJ/FUT; lead/take	degirmenci-ve-tilki:mf05_l03:3 bigi = CONJ/FUT; lead/take | kauge-nyerib-u-sivani:s02_l06:1 bıgi = CONJ/FUT; lead/take | kauge-nyerib-u-sivani:s02_l09:4 bıgi = CONJ/FUT; lead/take	needs_review	not_reviewed
cewi	4	3	kauge-nyerib-u-hyeni:2; ali-agha-ladi-kelhani:1; kauge-nyerib-u-sivani:1	çewi; t̮é̱wi; t̮é̱wi; t̮é̱wi	tewi	no one	ali-agha-ladi-kelhani:a01_l03:6 çewi = no one | kauge-nyerib-u-hyeni:h05_l08:0 çewi = no one | kauge-nyerib-u-hyeni:h06_l06:3 çewi = no one	needs_review	not_reviewed
gerawte	4	3	uc-kardes-masali:2; ali-agha-ladi-kelhani:1; degirmenci-ve-tilki:1	gêrawtê; geraúte; geraúte; geraúte,	geraute	took	ali-agha-ladi-kelhani:a04_l01:9 gêrawtê = took | degirmenci-ve-tilki:mf02_l02:7 gêrawtê = took | uc-kardes-masali:tb09_l14:0 gêrawtê = took	needs_review	not_reviewed
lingeru	4	3	kauge-nyerib-u-sivani:2; degirmenci-ve-tilki:1; kauge-nyerib-u-hyeni:1	lingêru; língeru.; língeru,; líṅgeru; líṅgeru,	lingeru	feet	degirmenci-ve-tilki:mf05_l01:2 lingêru = feet | kauge-nyerib-u-hyeni:h09_l08:6 lingêru = feet | kauge-nyerib-u-sivani:s05_l11:8 lingêru = feet	needs_review	not_reviewed
teber	4	3	ali-agha-ladi-kelhani:2; degirmenci-ve-tilki:1; kauge-nyerib-u-hyeni:1	tebêr; te̱bér,; te̱bér,	teber	outside	ali-agha-ladi-kelhani:a03_l06:8 tebêr = outside | ali-agha-ladi-kelhani:a03_l08:1 tebêr = outside | degirmenci-ve-tilki:mf03_l03:7 tebêr = outside	needs_review	not_reviewed
akerd	4	2	uc-kardes-masali:3; kauge-nyerib-u-sivani:1	akêrd; akerd; ākérd,; āké̱rd,; aké̱rd,	akerd	opened	kauge-nyerib-u-sivani:s01_l03:3 akêrd = opened | uc-kardes-masali:tb03_l05:4 akerd = opened | uc-kardes-masali:tb03_l12:2 akerd = opened	needs_review	not_reviewed
dumilbazi	4	2	kauge-nyerib-u-sivani:3; kauge-nyerib-u-hyeni:1	dümilbazi; dṳ́milbā́zi; dumilbazi; dúmilbā́zi; Dumilbazi	dumilbazi	drum	kauge-nyerib-u-hyeni:h04_l11:5 dumilbazi = drum | kauge-nyerib-u-sivani:s03_l05:0 Dumilbazi = drum | kauge-nyerib-u-sivani:s04_l05:5 dümilbazi = drum	needs_review	not_reviewed
eru	4	2	degirmenci-ve-tilki:2; uc-kardes-masali:2	eru; é̱ru,; é̱ru.	eru	earth	degirmenci-ve-tilki:mf05_l07:6 eru = earth | degirmenci-ve-tilki:mf05_l08:11 eru = earth | uc-kardes-masali:tb09_l04:0 eru = earth	needs_review	not_reviewed
ka	4	2	kauge-nyerib-u-sivani:2; uc-kardes-masali:2	ka; ka-; ka,	ka	would	kauge-nyerib-u-sivani:s05_l14:2 ka = would | kauge-nyerib-u-sivani:s05_l14:9 ka = would | uc-kardes-masali:tb03_l11:10 ka = would	needs_review	not_reviewed
qamek	4	2	degirmenci-ve-tilki:3; kauge-nyerib-u-hyeni:1	qamêk; qā́mek; qāmek; qā́meḱ	qamek	some; whoever	degirmenci-ve-tilki:mf04_l05:3 qamêk = some | degirmenci-ve-tilki:mf04_l05:9 qamêk = some | degirmenci-ve-tilki:mf04_l06:3 qamêk = some	needs_review	not_reviewed
teni	4	2	ali-agha-ladi-kelhani:3; kauge-nyerib-u-hyeni:1	teni; té̱ni; têni; tén’i	teni	persons	ali-agha-ladi-kelhani:a04_l04:9 teni = persons | ali-agha-ladi-kelhani:a04_l06:5 teni = persons | ali-agha-ladi-kelhani:a04_l10:4 teni = persons	needs_review	not_reviewed
vaci	4	2	uc-kardes-masali:3; gespraech-mit-hassan:1	vaci; vā́d̮i; vā́d̮i	vadi	say; tell	gespraech-mit-hassan:h03_l15:2 vaci = tell | uc-kardes-masali:tb06_l08:4 vaci = say | uc-kardes-masali:tb07_l14:8 vaci = say	needs_review	not_reviewed
vesnay	4	2	kauge-nyerib-u-sivani:3; kauge-nyerib-u-hyeni:1	veşnay; ve̱šnaí,; vé̱šnai,; ve̱šnai,	vesnai	burned	kauge-nyerib-u-hyeni:h05_l13:1 veşnay = burned | kauge-nyerib-u-sivani:s03_l08:6 veşnay = burned | kauge-nyerib-u-sivani:s03_l11:11 veşnay = burned	needs_review	not_reviewed
vesnena	4	2	kauge-nyerib-u-hyeni:3; kauge-nyerib-u-sivani:1	veşnêna; ve̱šnén’a,; vêşnêna; vešnén’a.; ve̱šnén’a.	vesnena	I will burn	kauge-nyerib-u-hyeni:h04_l04:2 vêşnêna = I will burn | kauge-nyerib-u-hyeni:h06_l01:6 veşnêna = I will burn | kauge-nyerib-u-hyeni:h06_l11:1 veşnêna = I will burn	needs_review	not_reviewed
warzi	4	2	uc-kardes-masali:3; kauge-nyerib-u-hyeni:1	warzi; wárzi,; wārzi,; wárzi	warzi	get up; rise	kauge-nyerib-u-hyeni:h05_l07:2 warzi = rise | uc-kardes-masali:tb01_l03:10 warzi = get up | uc-kardes-masali:tb01_l07:3 warzi = get up	needs_review	not_reviewed
wesi	4	2	kauge-nyerib-u-hyeni:2; kauge-nyerib-u-sivani:2	weşi; weşı; wé̱ši̥; wé̱ši,; wé̱ši	wesi	reconciliation	kauge-nyerib-u-hyeni:h09_l06:7 weşı = reconciliation | kauge-nyerib-u-hyeni:h09_l10:8 weşi = reconciliation | kauge-nyerib-u-sivani:s05_l08:10 weşi = reconciliation	needs_review	not_reviewed
yawna	4	2	uc-kardes-masali:3; goin-puhu-kusunun-hikayesi:1	yawna; yaúna; yaúna; yaū́na	yauna	another	goin-puhu-kusunun-hikayesi:g01_l02:7 yawna = another | uc-kardes-masali:tb01_l04:6 yawna = another | uc-kardes-masali:tb03_l08:8 yawna = another	needs_review	not_reviewed
bya	4	1	gespraech-mit-hassan:4	bya; bía;; bía,; bía.	bia	was	gespraech-mit-hassan:h03_l11:2 bya = was | gespraech-mit-hassan:h03_l11:12 bya = was | gespraech-mit-hassan:h03_l12:8 bya = was	needs_review	not_reviewed
eman	4	1	kauge-nyerib-u-hyeni:4	eman; e̱mán; e̱mán,	eman	mercy	kauge-nyerib-u-hyeni:h05_l14:5 eman = mercy | kauge-nyerib-u-hyeni:h06_l02:8 eman = mercy | kauge-nyerib-u-hyeni:h08_l07:7 eman = mercy	needs_review	not_reviewed
heyst	4	1	ali-agha-ladi-kelhani:4	hêyşt; 'hêyşt; h̔eíšt; heišt; heíšt	heist	eight	ali-agha-ladi-kelhani:a04_l06:4 'hêyşt = eight | ali-agha-ladi-kelhani:a04_l08:0 hêyşt = eight | ali-agha-ladi-kelhani:a04_l10:3 hêyşt = eight	needs_review	not_reviewed
hiris	4	1	ali-agha-ladi-kelhani:4	hiris; híris; Hiris; Híris	hiris	thirty	ali-agha-ladi-kelhani:a01_l02:9 hiris = thirty | ali-agha-ladi-kelhani:a01_l04:7 Hiris = thirty | ali-agha-ladi-kelhani:a01_l05:1 Hiris = thirty	needs_review	not_reviewed
kasan	4	1	gespraech-mit-hassan:4	Kasan; Kasán; Kasán,	kasan	Kasan	gespraech-mit-hassan:h01_l09:6 Kasan = Kasan | gespraech-mit-hassan:h02_l05:0 Kasan = Kasan | gespraech-mit-hassan:h02_l06:3 Kasan = Kasan	needs_review	not_reviewed
mina	4	1	uc-kardes-masali:4	mina; mína; mına; mí̥na	mina	my	uc-kardes-masali:tb03_l10:6 mına = my | uc-kardes-masali:tb05_l12:9 mina = my | uc-kardes-masali:tb06_l01:4 mina = my	needs_review	not_reviewed
nang	4	1	uc-kardes-masali:4	nang; nāṅ	nan	food	uc-kardes-masali:tb04_l05:4 nang = food | uc-kardes-masali:tb04_l06:0 nang = food | uc-kardes-masali:tb06_l12:3 nang = food	needs_review	not_reviewed
nyeribu	4	1	kauge-nyerib-u-hyeni:4	Nyêribu; Ńeríbu; Ńeríbu,	neribu	to Nerib	kauge-nyerib-u-hyeni:h02_l10:0 Nyêribu = to Nerib | kauge-nyerib-u-hyeni:h02_l12:8 Nyêribu = to Nerib | kauge-nyerib-u-hyeni:h03_l05:8 Nyêribu = to Nerib	needs_review	not_reviewed
pasade	4	1	degirmenci-ve-tilki:4	paşadê; pašáde	pasade	of the pasha	degirmenci-ve-tilki:mf02_l04:5 paşadê = of the pasha | degirmenci-ve-tilki:mf02_l05:9 paşadê = of the pasha | degirmenci-ve-tilki:mf02_l07:4 paşadê = of the pasha	needs_review	not_reviewed
peynyay	4	1	kauge-nyerib-u-sivani:4	pêynyay; peíńai; peíńai; peińai	peinai	all	kauge-nyerib-u-sivani:s02_l14:1 pêynyay = all | kauge-nyerib-u-sivani:s04_l09:6 pêynyay = all | kauge-nyerib-u-sivani:s05_l07:1 pêynyay = all	needs_review	not_reviewed
qabas	4	1	uc-kardes-masali:4	qabas; Qabas; Qabás; qabā́s; qabās	qabas	captain	uc-kardes-masali:tb08_l09:6 qabas = captain | uc-kardes-masali:tb08_l10:5 Qabas = captain | uc-kardes-masali:tb08_l11:5 qabas = captain	needs_review	not_reviewed
sahrestan	4	1	kauge-nyerib-u-hyeni:4	şahrêstan; šahrestān; šáhrestān; šahrestā́n	sahrestan	town	kauge-nyerib-u-hyeni:h03_l10:9 şahrêstan = town | kauge-nyerib-u-hyeni:h04_l04:1 şahrêstan = town | kauge-nyerib-u-hyeni:h06_l01:5 şahrêstan = town	needs_review	not_reviewed
selam	4	1	degirmenci-ve-tilki:4	sêlam; selám	selam	greeting	degirmenci-ve-tilki:mf03_l08:6 sêlam = greeting | degirmenci-ve-tilki:mf04_l02:5 sêlam = greeting | degirmenci-ve-tilki:mf04_l04:5 sêlam = greeting	needs_review	not_reviewed
ten	4	1	kauge-nyerib-u-hyeni:4	tên; ten	ten	person	kauge-nyerib-u-hyeni:h08_l13:2 tên = person | kauge-nyerib-u-hyeni:h08_l14:0 tên = person | kauge-nyerib-u-hyeni:h09_l01:5 tên = person	needs_review	not_reviewed
cey	3	3	degirmenci-ve-tilki:1; goin-puhu-kusunun-hikayesi:1; kauge-nyerib-u-hyeni:1	cêy; d̮ei; cey; d̮e̱i	dei	place; that; him	degirmenci-ve-tilki:mf04_l10:10 cey = place | goin-puhu-kusunun-hikayesi:g03_l06:9 cêy = that | kauge-nyerib-u-hyeni:h03_l12:5 cêy = him	needs_review	not_reviewed
gna	3	3	ali-agha-ladi-kelhani:1; degirmenci-ve-tilki:1; uc-kardes-masali:1	gna; gnā; gnā	gna	struck; to; this time	ali-agha-ladi-kelhani:a04_l03:7 gna = struck | degirmenci-ve-tilki:mf03_l02:11 gna = to | uc-kardes-masali:tb09_l10:10 gna = this time	needs_review	not_reviewed
keri	3	3	goin-puhu-kusunun-hikayesi:1; kauge-nyerib-u-hyeni:1; kauge-nyerib-u-sivani:1	kêri; kéri.; kéri,; kéri	keri	-army; make	goin-puhu-kusunun-hikayesi:g04_l09:1 kêri = make | kauge-nyerib-u-hyeni:h03_l01:1 kêri = -army | kauge-nyerib-u-sivani:s05_l01:0 kêri = -army	needs_review	not_reviewed
kunagi	3	3	degirmenci-ve-tilki:1; kauge-nyerib-u-hyeni:1; uc-kardes-masali:1	kunaği; kunáγi	kunagi	before	degirmenci-ve-tilki:mf04_l08:2 kunaği | kauge-nyerib-u-hyeni:h04_l06:1 kunaği = before | uc-kardes-masali:tb03_l02:8 kunaği	needs_review	not_reviewed
sey	3	3	ali-agha-ladi-kelhani:1; degirmenci-ve-tilki:1; kauge-nyerib-u-hyeni:1	sêy; sei	sei	hundred	ali-agha-ladi-kelhani:a02_l07:7 sêy = hundred | degirmenci-ve-tilki:mf02_l14:8 sêy = hundred | kauge-nyerib-u-hyeni:h09_l09:5 sêy = hundred	needs_review	not_reviewed
teres	3	3	degirmenci-ve-tilki:1; kauge-nyerib-u-hyeni:1; uc-kardes-masali:1	têres; teré̱s,; têrês; terés,; teres	teres	cursed one; accursed one; damned	degirmenci-ve-tilki:mf04_l12:4 têres = cursed one | kauge-nyerib-u-hyeni:h04_l08:10 têrês = accursed one | uc-kardes-masali:tb06_l08:7 teres = damned	needs_review	not_reviewed
aferem	3	2	kauge-nyerib-u-hyeni:2; kauge-nyerib-u-sivani:1	afêrêm; ā́ferem,; āferém; ā́ferem	aferem	thanks	kauge-nyerib-u-hyeni:h05_l01:2 afêrêm = thanks | kauge-nyerib-u-hyeni:h08_l03:9 afêrêm = thanks | kauge-nyerib-u-sivani:s04_l10:4 afêrêm = thanks	needs_review	not_reviewed
aqil	3	2	degirmenci-ve-tilki:2; ali-agha-ladi-kelhani:1	aqıl; āqí̥l; áqi̥l	aqil	sense; reason	ali-agha-ladi-kelhani:a03_l02:7 aqıl = reason | degirmenci-ve-tilki:mf04_l07:4 aqıl = sense | degirmenci-ve-tilki:mf04_l09:11 aqıl = sense	needs_review	not_reviewed
bige	3	2	uc-kardes-masali:2; kauge-nyerib-u-hyeni:1	bıgê; bi̥gé,; bi̥gé	bi-	CONJ/FUT; bring	kauge-nyerib-u-hyeni:h07_l06:6 bıgê = CONJ/FUT; bring | uc-kardes-masali:tb08_l14:11 bıgê = CONJ/FUT; bring | uc-kardes-masali:tb09_l02:7 bıgê = CONJ/FUT; bring	needs_review	not_reviewed
bikera	3	2	kauge-nyerib-u-sivani:2; uc-kardes-masali:1	bıkêra; bi̥kéra,; bikêra; bikéra,; bi̥kéra,	bi-	CONJ/FUT; commit/do	kauge-nyerib-u-sivani:s01_l10:0 bıkêra = CONJ/FUT; commit/do | kauge-nyerib-u-sivani:s05_l06:10 bikêra = CONJ/FUT; commit/do | uc-kardes-masali:tb08_l05:9 bıkêra = CONJ/FUT; commit/do	needs_review	not_reviewed
bikeru	3	2	uc-kardes-masali:2; goin-puhu-kusunun-hikayesi:1	bıkêru; bi̥kéru.; bikêru; bikeru.; bi̥kéru,	bikeru	do; make	goin-puhu-kusunun-hikayesi:g04_l02:7 bıkêru = make | uc-kardes-masali:tb01_l08:7 bikêru = do | uc-kardes-masali:tb07_l12:9 bıkêru = do	needs_review	not_reviewed
cimani	3	2	uc-kardes-masali:2; kauge-nyerib-u-hyeni:1	çimani; t̮imā́ni; t̮imā́ni,	timani	eyes	kauge-nyerib-u-hyeni:h07_l11:4 çimani = eyes | uc-kardes-masali:tb04_l13:6 çimani = eyes | uc-kardes-masali:tb05_l05:7 çimani = eyes	needs_review	not_reviewed
hadraw	3	2	kauge-nyerib-u-hyeni:2; kauge-nyerib-u-sivani:1	'hadraw; h̔ādrāu,; h̔ādraú.; h̔adraú,	hadrau	is ready	kauge-nyerib-u-hyeni:h04_l02:1 'hadraw = is ready | kauge-nyerib-u-hyeni:h04_l10:6 'hadraw = is ready | kauge-nyerib-u-sivani:s02_l08:6 'hadraw = is ready	needs_review	not_reviewed
hemam	3	2	degirmenci-ve-tilki:2; uc-kardes-masali:1	'hemam; h̔é̱m’ām,; h̔e̱m’ām,; 'hêmam; h̔emám,	hemam	bath	degirmenci-ve-tilki:mf03_l12:5 'hemam = bath | degirmenci-ve-tilki:mf03_l14:3 'hemam = bath | uc-kardes-masali:tb08_l08:2 'hêmam = bath	needs_review	not_reviewed
heni	3	2	goin-puhu-kusunun-hikayesi:2; uc-kardes-masali:1	'hêni; h̔én’i; hêni; hén’ī	heni	again	goin-puhu-kusunun-hikayesi:g02_l13:0 'hêni = again | goin-puhu-kusunun-hikayesi:g04_l02:4 'hêni = again | uc-kardes-masali:tb09_l05:5 hêni = again	needs_review	not_reviewed
hetake	3	2	kauge-nyerib-u-hyeni:2; kauge-nyerib-u-sivani:1	'hetakê; h̔é̱take; hetakê; he̱táke	hetake	as long as	kauge-nyerib-u-hyeni:h04_l15:1 'hetakê = as long as | kauge-nyerib-u-hyeni:h08_l01:6 'hetakê = as long as | kauge-nyerib-u-sivani:s04_l09:5 hetakê = as long as	needs_review	not_reviewed
keyfe	3	2	gespraech-mit-hassan:2; uc-kardes-masali:1	Kêyfê; Keífe; kêyfê; keífe	keife	condition; wherever	gespraech-mit-hassan:h01_l01:0 Kêyfê = condition | gespraech-mit-hassan:h01_l02:0 Kêyfê = condition | uc-kardes-masali:tb07_l04:0 kêyfê = wherever	needs_review	not_reviewed
male	3	2	kauge-nyerib-u-sivani:2; kauge-nyerib-u-hyeni:1	malê; mā́le; mā́le	male	house	kauge-nyerib-u-hyeni:h02_l10:9 malê = house | kauge-nyerib-u-sivani:s01_l09:0 malê = house | kauge-nyerib-u-sivani:s01_l09:9 malê = house	needs_review	not_reviewed
merdu	3	2	degirmenci-ve-tilki:2; goin-puhu-kusunun-hikayesi:1	merdu; mé̱rdu.; mé̱rdu.	merdu	died	degirmenci-ve-tilki:mf05_l07:7 merdu = died | degirmenci-ve-tilki:mf05_l09:0 merdu = died | goin-puhu-kusunun-hikayesi:g04_l07:4 merdu = died	needs_review	not_reviewed
ne	3	2	uc-kardes-masali:2; degirmenci-ve-tilki:1	nê; ne-; ne,	ne	now	degirmenci-ve-tilki:mf05_l03:0 nê = now | uc-kardes-masali:tb02_l02:12 nê = now | uc-kardes-masali:tb02_l16:10 nê = now	needs_review	not_reviewed
nya	3	2	kauge-nyerib-u-hyeni:2; goin-puhu-kusunun-hikayesi:1	nya; ńa; ńa,	na	not; ended	goin-puhu-kusunun-hikayesi:g03_l02:1 nya = ended | kauge-nyerib-u-hyeni:h07_l07:3 nya = not | kauge-nyerib-u-hyeni:h07_l07:8 nya = not	needs_review	not_reviewed
nyamaw	3	2	goin-puhu-kusunun-hikayesi:2; kauge-nyerib-u-sivani:1	nyamaw; ńāmaú; ńāmaú,; ńāmaú,	namau	did not come; ordered	goin-puhu-kusunun-hikayesi:g02_l12:10 nyamaw = did not come | goin-puhu-kusunun-hikayesi:g03_l11:1 nyamaw = did not come | kauge-nyerib-u-sivani:s03_l06:5 nyamaw = ordered	needs_review	not_reviewed
nyedi	3	2	uc-kardes-masali:2; goin-puhu-kusunun-hikayesi:1	nyêdi; ńédī,; ńédi.; ńédī.	nedi	did not see	goin-puhu-kusunun-hikayesi:g03_l02:6 nyêdi = did not see | uc-kardes-masali:tb07_l02:5 nyêdi = did not see | uc-kardes-masali:tb08_l02:6 nyêdi = did not see	needs_review	not_reviewed
nyesyena	3	2	kauge-nyerib-u-hyeni:2; kauge-nyerib-u-sivani:1	nyêşyêna; ńešyén’a	ne-	NEG; be able	kauge-nyerib-u-hyeni:h06_l03:2 nyêşyêna = NEG; be able | kauge-nyerib-u-hyeni:h08_l10:9 nyêşyêna = NEG; be able | kauge-nyerib-u-sivani:s05_l06:7 nyêşyêna = NEG; be able	needs_review	not_reviewed
nyezana	3	2	degirmenci-ve-tilki:2; goin-puhu-kusunun-hikayesi:1	nyêzana; ńézana; ńézāna; ńezā́na	nezana	does not know; I do not know	degirmenci-ve-tilki:mf05_l06:2 nyêzana = does not know | degirmenci-ve-tilki:mf05_l08:7 nyêzana = does not know | goin-puhu-kusunun-hikayesi:g04_l06:10 nyêzana = I do not know	needs_review	not_reviewed
rayer	3	2	uc-kardes-masali:2; degirmenci-ve-tilki:1	rayêr; rayér; rayér,	rayer	road; way	degirmenci-ve-tilki:mf05_l06:3 rayêr = way | uc-kardes-masali:tb03_l02:1 rayêr = road | uc-kardes-masali:tb03_l04:9 rayêr = road	needs_review	not_reviewed
saati	3	2	uc-kardes-masali:2; kauge-nyerib-u-hyeni:1	saati; sá’ati; sā’ati	saati	hours	kauge-nyerib-u-hyeni:h08_l09:5 saati = hours | uc-kardes-masali:tb03_l05:1 saati = hours | uc-kardes-masali:tb05_l04:3 saati = hours	needs_review	not_reviewed
temiz	3	2	degirmenci-ve-tilki:2; uc-kardes-masali:1	temiz; te̱míz	temiz	clean	degirmenci-ve-tilki:mf03_l12:8 temiz = clean | degirmenci-ve-tilki:mf03_l14:5 temiz = clean | uc-kardes-masali:tb08_l08:6 temiz = clean	needs_review	not_reviewed
tepist	3	2	degirmenci-ve-tilki:2; kauge-nyerib-u-sivani:1	tepişt; te̱píšt; te̱píšt	tepist	caught	degirmenci-ve-tilki:mf03_l02:3 tepişt = caught | degirmenci-ve-tilki:mf03_l03:4 tepişt = caught | kauge-nyerib-u-sivani:s01_l04:8 tepişt = caught	needs_review	not_reviewed
vyene	3	2	kauge-nyerib-u-sivani:2; kauge-nyerib-u-hyeni:1	vyênê; vyén’e,; vyén’e.; vién’e.	vyene; viene	see	kauge-nyerib-u-hyeni:h04_l10:3 vyênê = see | kauge-nyerib-u-sivani:s02_l10:10 vyênê = see | kauge-nyerib-u-sivani:s04_l04:9 vyênê = see	needs_review	not_reviewed
wazena	3	2	degirmenci-ve-tilki:2; gespraech-mit-hassan:1	wazêna; wazén’a.; wazén’a,; wazén’a.	wazena	I will ask for; wants	degirmenci-ve-tilki:mf02_l04:7 wazêna = I will ask for | degirmenci-ve-tilki:mf02_l06:10 wazêna = I will ask for | gespraech-mit-hassan:h04_l01:7 wazêna = wants	needs_review	not_reviewed
av	3	1	kauge-nyerib-u-sivani:3	Av; Av-	av	Avdulah-	kauge-nyerib-u-sivani:s02_l07:9 Av = Avdulah- | kauge-nyerib-u-sivani:s04_l04:10 Av = Avdulah- | kauge-nyerib-u-sivani:s05_l15:12 Av = Avdulah-	needs_review	not_reviewed
awke	3	1	degirmenci-ve-tilki:3	awkê; aúke	auke	water	degirmenci-ve-tilki:mf05_l02:9 awkê = water | degirmenci-ve-tilki:mf05_l04:2 awkê = water | degirmenci-ve-tilki:mf05_l04:10 awkê = water	needs_review	not_reviewed
bagce	3	1	gespraech-mit-hassan:3	Bağçê; Bāγt̮e; bağçê; bāγt̮e	bagte	garden	gespraech-mit-hassan:h02_l08:0 Bağçê = garden | gespraech-mit-hassan:h02_l09:1 bağçê = garden | gespraech-mit-hassan:h02_l10:0 Bağçê = garden	needs_review	not_reviewed
berar	3	1	uc-kardes-masali:3	bêrar; berár; berār	berar	brothers	uc-kardes-masali:tb01_l03:8 bêrar = brothers | uc-kardes-masali:tb01_l07:1 bêrar = brothers | uc-kardes-masali:tb02_l03:9 bêrar = brothers	needs_review	not_reviewed
birna	3	1	uc-kardes-masali:3	bırna; bi̥rná,; bi̥rnā́,	birna	cut	uc-kardes-masali:tb03_l14:10 bırna = cut | uc-kardes-masali:tb06_l02:8 bırna = cut | uc-kardes-masali:tb06_l05:1 bırna = cut	needs_review	not_reviewed
birne	3	1	uc-kardes-masali:3	bırnê; bí̥rne,; bí̥rné,	birne	slaughter	uc-kardes-masali:tb04_l07:0 bırnê = slaughter | uc-kardes-masali:tb05_l11:9 bırnê = slaughter | uc-kardes-masali:tb05_l15:4 bırnê = slaughter	needs_review	not_reviewed
bweri	3	1	uc-kardes-masali:3	bwêri; búeri	bueri	brown	uc-kardes-masali:tb03_l09:9 bwêri = brown | uc-kardes-masali:tb03_l12:9 bwêri = brown | uc-kardes-masali:tb04_l01:1 bwêri = brown	needs_review	not_reviewed
cekani	3	1	ali-agha-ladi-kelhani:3	çêkani; t̮ékāni	tekani	weapons	ali-agha-ladi-kelhani:a02_l13:6 çêkani = weapons | ali-agha-ladi-kelhani:a03_l01:11 çêkani = weapons | ali-agha-ladi-kelhani:a03_l03:3 çêkani = weapons	needs_review	not_reviewed
cende	3	1	gespraech-mit-hassan:3	Çendê; T̮é̱nde	tende	how many	gespraech-mit-hassan:h01_l05:0 Çendê = how many | gespraech-mit-hassan:h02_l06:0 Çendê = how many | gespraech-mit-hassan:h02_l13:0 Çendê = how many	needs_review	not_reviewed
ceni	3	1	goin-puhu-kusunun-hikayesi:3	cêni; d̮éni; Cêni; D̮éni	deni	woman	goin-puhu-kusunun-hikayesi:g01_l02:8 cêni = woman | goin-puhu-kusunun-hikayesi:g03_l12:0 Cêni = woman | goin-puhu-kusunun-hikayesi:g03_l15:9 cêni = woman	needs_review	not_reviewed
ersawut	3	1	kauge-nyerib-u-hyeni:3	erşawut; e̱ršau’út	ersauut	sent	kauge-nyerib-u-hyeni:h04_l07:2 erşawut = sent | kauge-nyerib-u-hyeni:h04_l07:7 erşawut = sent | kauge-nyerib-u-hyeni:h06_l02:3 erşawut = sent	needs_review	not_reviewed
esta	3	1	uc-kardes-masali:3	esta; é̱sta,; êsta; está	esta	there is	uc-kardes-masali:tb02_l07:9 êsta = there is | uc-kardes-masali:tb09_l01:8 esta = there is | uc-kardes-masali:tb09_l08:3 esta = there is	needs_review	not_reviewed
gale	3	1	uc-kardes-masali:3	ğalê; γalé; Ğalê; Γalé	gale		uc-kardes-masali:tb02_l05:3 ğalê | uc-kardes-masali:tb02_l06:4 Ğalê | uc-kardes-masali:tb02_l14:7 ğalê	needs_review	not_reviewed
gizmkari	3	1	kauge-nyerib-u-hyeni:3	ğızmkari; γi̥zmkā́ri	gizmkari	servant	kauge-nyerib-u-hyeni:h01_l05:12 ğızmkari = servant | kauge-nyerib-u-hyeni:h01_l08:1 ğızmkari = servant | kauge-nyerib-u-hyeni:h02_l07:1 ğızmkari = servant	needs_review	not_reviewed
golekangde	3	1	goin-puhu-kusunun-hikayesi:3	golêkangdê; gōlekā́ṅde,; gōlekā́ṅde; golekā́ṅde.	golekande	among the cattle	goin-puhu-kusunun-hikayesi:g02_l11:5 golêkangdê = among the cattle | goin-puhu-kusunun-hikayesi:g02_l13:2 golêkangdê = among the cattle | goin-puhu-kusunun-hikayesi:g03_l03:8 golêkangdê = among the cattle	needs_review	not_reviewed
golikangde	3	1	goin-puhu-kusunun-hikayesi:3	golikangdê; gōlikā́ṅde,; gōlikā́ṅde;	golikande	among the cattle	goin-puhu-kusunun-hikayesi:g02_l03:2 golikangdê = among the cattle | goin-puhu-kusunun-hikayesi:g02_l14:8 golikangdê = among the cattle | goin-puhu-kusunun-hikayesi:g03_l10:0 golikangdê = among the cattle	needs_review	not_reviewed
helbet	3	1	uc-kardes-masali:3	hêlbêt; helbét	helbet	perhaps	uc-kardes-masali:tb01_l07:10 hêlbêt = perhaps | uc-kardes-masali:tb02_l11:8 hêlbêt = perhaps | uc-kardes-masali:tb02_l12:0 hêlbêt = perhaps	needs_review	not_reviewed
henzari	3	1	kauge-nyerib-u-hyeni:3	hênzari; henzā́ri; henzāri,; henzā́ri.	henzari	thousand	kauge-nyerib-u-hyeni:h07_l01:10 hênzari = thousand | kauge-nyerib-u-hyeni:h08_l06:4 hênzari = thousand | kauge-nyerib-u-hyeni:h08_l06:9 hênzari = thousand	needs_review	not_reviewed
kagiti	3	1	uc-kardes-masali:3	kağiti; kaγíti	kagiti		uc-kardes-masali:tb03_l05:9 kağiti | uc-kardes-masali:tb03_l06:3 kağiti | uc-kardes-masali:tb05_l05:1 kağiti	needs_review	not_reviewed
lacim	3	1	uc-kardes-masali:3	lacim; lā́d̮im,; lā́d̮im.	ladim	my son	uc-kardes-masali:tb04_l10:6 lacim = my son | uc-kardes-masali:tb07_l13:4 lacim = my son | uc-kardes-masali:tb08_l01:5 lacim = my son	needs_review	not_reviewed
legey	3	1	degirmenci-ve-tilki:3	lêğêy; leγeí.; leγeí,	legei		degirmenci-ve-tilki:mf03_l08:7 lêğêy | degirmenci-ve-tilki:mf04_l02:6 lêğêy | degirmenci-ve-tilki:mf04_l04:6 lêğêy	needs_review	not_reviewed
mawlet	3	1	kauge-nyerib-u-hyeni:3	mawlêt; maulét; maulét,	maulet	respite	kauge-nyerib-u-hyeni:h06_l09:0 mawlêt = respite | kauge-nyerib-u-hyeni:h06_l09:12 mawlêt = respite | kauge-nyerib-u-hyeni:h06_l14:4 mawlêt = respite	needs_review	not_reviewed
meytani	3	1	kauge-nyerib-u-hyeni:3	mêytani; meitāni; meítāni	meitani	dead bodies	kauge-nyerib-u-hyeni:h09_l02:3 mêytani = dead bodies | kauge-nyerib-u-hyeni:h09_l02:6 mêytani = dead bodies | kauge-nyerib-u-hyeni:h09_l03:9 mêytani = dead bodies	needs_review	not_reviewed
mide	3	1	kauge-nyerib-u-hyeni:3	mıdê; mí̥de; mí̥de	mide	with	kauge-nyerib-u-hyeni:h01_l07:10 mıdê = with | kauge-nyerib-u-hyeni:h06_l03:6 mıdê = with | kauge-nyerib-u-hyeni:h06_l04:12 mıdê = with	needs_review	not_reviewed
misr	3	1	degirmenci-ve-tilki:3	Mısr; Mi̥sr,; Mí̥sr	misr	Egypt	degirmenci-ve-tilki:mf02_l10:3 Mısr = Egypt | degirmenci-ve-tilki:mf02_l10:6 Mısr = Egypt | degirmenci-ve-tilki:mf04_l04:0 Mısr = Egypt	needs_review	not_reviewed
muqayte	3	1	kauge-nyerib-u-hyeni:3	muqaytê; muqaíte	muqaite	on guard	kauge-nyerib-u-hyeni:h02_l07:9 muqaytê = on guard | kauge-nyerib-u-hyeni:h02_l10:5 muqaytê = on guard | kauge-nyerib-u-hyeni:h04_l03:6 muqaytê = on guard	needs_review	not_reviewed
pera	3	1	degirmenci-ve-tilki:3	pêra; perá; perá,	pera	on	degirmenci-ve-tilki:mf03_l07:10 pêra = on | degirmenci-ve-tilki:mf03_l13:3 pêra = on | degirmenci-ve-tilki:mf03_l15:6 pêra = on	needs_review	not_reviewed
pile	3	1	uc-kardes-masali:3	pilê; pī́le; píle	pile	oldest	uc-kardes-masali:tb03_l10:7 pilê = oldest | uc-kardes-masali:tb03_l13:8 pilê = oldest | uc-kardes-masali:tb10_l01:5 pilê = oldest	needs_review	not_reviewed
qamuk	3	1	kauge-nyerib-u-hyeni:3	qamuk; qā́muk	qamuk	some	kauge-nyerib-u-hyeni:h05_l03:3 qamuk = some | kauge-nyerib-u-hyeni:h05_l03:6 qamuk = some | kauge-nyerib-u-hyeni:h05_l03:9 qamuk = some	needs_review	not_reviewed
qati	3	1	degirmenci-ve-tilki:3	qati; qáti	qati	set	degirmenci-ve-tilki:mf03_l07:1 qati = set | degirmenci-ve-tilki:mf03_l10:3 qati = set | degirmenci-ve-tilki:mf03_l13:1 qati = set	needs_review	not_reviewed
rezan	3	1	kauge-nyerib-u-hyeni:3	rezan; ré̱zān.; ré̱zān.; re̱zā́n	rez	vineyard; PL	kauge-nyerib-u-hyeni:h04_l02:6 rezan = vineyard; PL | kauge-nyerib-u-hyeni:h04_l07:9 rezan = vineyard; PL | kauge-nyerib-u-hyeni:h07_l06:9 rezan = vineyard; PL	needs_review	not_reviewed
roseni	3	1	gespraech-mit-hassan:3	roşêni; rōšén’i?; rōšén’i,; rōšén’i.	roseni	we stay	gespraech-mit-hassan:h03_l04:3 roşêni = we stay | gespraech-mit-hassan:h03_l05:2 roşêni = we stay | gespraech-mit-hassan:h03_l05:7 roşêni = we stay	needs_review	not_reviewed
seysti	3	1	kauge-nyerib-u-hyeni:3	şêyşti; šeíšti	seisti	sixty	kauge-nyerib-u-hyeni:h08_l13:1 şêyşti = sixty | kauge-nyerib-u-hyeni:h08_l13:10 şêyşti = sixty | kauge-nyerib-u-hyeni:h09_l01:4 şêyşti = sixty	needs_review	not_reviewed
simsyer	3	1	uc-kardes-masali:3	şimşyêr; šimšyẹ̄́r	simsyer	sword	uc-kardes-masali:tb09_l03:5 şimşyêr = sword | uc-kardes-masali:tb09_l09:1 şimşyêr = sword | uc-kardes-masali:tb09_l10:2 şimşyêr = sword	needs_review	not_reviewed
sipyerdisu	3	1	gespraech-mit-hassan:3	sıpyerdışu; si̥pye̱rdí̥šu; Sıpyerdışu; Si̥pye̱rdí̥šu; si̥pye̱rdí̥šu.	sipyerdisu	village elder	gespraech-mit-hassan:h02_l01:2 sıpyerdışu = village elder | gespraech-mit-hassan:h02_l02:0 Sıpyerdışu = village elder | gespraech-mit-hassan:h02_l03:2 sıpyerdışu = village elder	needs_review	not_reviewed
tizi	3	1	kauge-nyerib-u-sivani:3	tızi; tí̥zi; tí̥zi	tizi	you too	kauge-nyerib-u-sivani:s02_l05:8 tızi = you too | kauge-nyerib-u-sivani:s02_l09:0 tızi = you too | kauge-nyerib-u-sivani:s03_l02:2 tızi = you too	needs_review	not_reviewed
vana	3	1	goin-puhu-kusunun-hikayesi:3	vana; vā́na; vā́na:	vana	says	goin-puhu-kusunun-hikayesi:g02_l04:8 vana = says | goin-puhu-kusunun-hikayesi:g02_l05:3 vana = says | goin-puhu-kusunun-hikayesi:g02_l07:6 vana = says	needs_review	not_reviewed
vet	3	1	uc-kardes-masali:3	vet; ve̱t; vêt	vet	took out	uc-kardes-masali:tb08_l07:3 vet = took out | uc-kardes-masali:tb08_l09:2 vet = took out | uc-kardes-masali:tb09_l07:4 vêt = took out	needs_review	not_reviewed
wesu	3	1	goin-puhu-kusunun-hikayesi:3	weşu; wé̱šu,; wé̱šu.	wesu	well	goin-puhu-kusunun-hikayesi:g02_l12:6 weşu = well | goin-puhu-kusunun-hikayesi:g03_l09:3 weşu = well | goin-puhu-kusunun-hikayesi:g03_l10:10 weşu = well	needs_review	not_reviewed
xaini	3	1	ali-agha-ladi-kelhani:3	xaini; χa’íni,	xaini	traitor	ali-agha-ladi-kelhani:a02_l13:4 xaini = traitor | ali-agha-ladi-kelhani:a03_l02:3 xaini = traitor | ali-agha-ladi-kelhani:a03_l05:8 xaini = traitor	needs_review	not_reviewed
xanceri	3	1	ali-agha-ladi-kelhani:3	xancêri; χand̮éri	xanderi	dagger	ali-agha-ladi-kelhani:a04_l01:5 xancêri = dagger | ali-agha-ladi-kelhani:a04_l02:8 xancêri = dagger | ali-agha-ladi-kelhani:a04_l05:1 xancêri = dagger	needs_review	not_reviewed
yale	3	1	uc-kardes-masali:3	yalê; yalé	yale	wheat	uc-kardes-masali:tb01_l09:4 yalê = wheat | uc-kardes-masali:tb02_l02:8 yalê = wheat | uc-kardes-masali:tb02_l16:7 yalê = wheat	needs_review	not_reviewed
yawnay	3	1	uc-kardes-masali:3	yawnay; yaúnai; yaunaí	yaunai	second	uc-kardes-masali:tb09_l04:9 yawnay = second | uc-kardes-masali:tb09_l05:6 yawnay = second | uc-kardes-masali:tb09_l11:5 yawnay = second	needs_review	not_reviewed
ageray	2	2	degirmenci-ve-tilki:1; kauge-nyerib-u-sivani:1	agêray; āgeraí; ağêray; aγeraí,	agerai	returned	degirmenci-ve-tilki:mf04_l06:8 agêray = returned | kauge-nyerib-u-sivani:s03_l08:7 ağêray = returned	needs_review	not_reviewed
arde	2	2	degirmenci-ve-tilki:1; goin-puhu-kusunun-hikayesi:1	ardê; ā́rde,; ā́rde.	arde	brought; flour	degirmenci-ve-tilki:mf05_l05:0 ardê = brought | goin-puhu-kusunun-hikayesi:g01_l02:9 ardê = flour	needs_review	not_reviewed
bedu	2	2	degirmenci-ve-tilki:1; kauge-nyerib-u-sivani:1	bêdu; bedú.; bedú,	bedu	may be	degirmenci-ve-tilki:mf04_l05:1 bêdu | kauge-nyerib-u-sivani:s04_l09:4 bêdu = may be	needs_review	not_reviewed
bersawe	2	2	kauge-nyerib-u-hyeni:1; uc-kardes-masali:1	berşawê; bē̱ršaúe; bē̱ršaúe,	bersaue	send word; send	kauge-nyerib-u-hyeni:h02_l09:9 berşawê = send word | uc-kardes-masali:tb05_l12:5 berşawê = send	needs_review	not_reviewed
beru	2	2	ali-agha-ladi-kelhani:1; kauge-nyerib-u-sivani:1	bêru; béru; bér’u.	beru	may come; carried off	ali-agha-ladi-kelhani:a01_l09:9 bêru = may come | kauge-nyerib-u-sivani:s01_l04:0 bêru = carried off	needs_review	not_reviewed
besta	2	2	kauge-nyerib-u-hyeni:1; kauge-nyerib-u-sivani:1	bêsta; bésta; bestā́.	besta	prepared	kauge-nyerib-u-hyeni:h08_l05:7 bêsta = prepared | kauge-nyerib-u-sivani:s04_l12:8 bêsta = prepared	needs_review	not_reviewed
byu	2	2	degirmenci-ve-tilki:1; kauge-nyerib-u-hyeni:1	byu; byu,	byu	became; were	degirmenci-ve-tilki:mf05_l08:9 byu = became | kauge-nyerib-u-hyeni:h05_l03:4 byu = were	needs_review	not_reviewed
cawdi	2	2	ali-agha-ladi-kelhani:1; kauge-nyerib-u-hyeni:1	Çawdi; T̮aúdi; çawdi; t̮aúdi	taudi	nothing; at once	ali-agha-ladi-kelhani:a01_l03:1 Çawdi = nothing | kauge-nyerib-u-hyeni:h06_l02:10 çawdi = at once	needs_review	not_reviewed
cayki	2	2	degirmenci-ve-tilki:1; uc-kardes-masali:1	Cayki; D̮aíki; D̮aíkí	daiki	once; once upon a time	degirmenci-ve-tilki:mf01_l01:0 Cayki = once | uc-kardes-masali:tb01_l01:0 Cayki = once upon a time	needs_review	not_reviewed
cine	2	2	degirmenci-ve-tilki:1; kauge-nyerib-u-sivani:1	cinê; d̮íne; d̮īne	dine	herds	degirmenci-ve-tilki:mf03_l01:8 cinê = herds | kauge-nyerib-u-sivani:s05_l02:5 cinê = herds	needs_review	not_reviewed
citaw	2	2	goin-puhu-kusunun-hikayesi:1; kauge-nyerib-u-hyeni:1	çitaw; t̮ítau; t̮itaú	titau	why; with me	goin-puhu-kusunun-hikayesi:g03_l14:0 çitaw = why | kauge-nyerib-u-hyeni:h06_l03:7 çitaw = with me	needs_review	not_reviewed
cwa	2	2	degirmenci-ve-tilki:1; kauge-nyerib-u-hyeni:1	çwa; t̮úa; t̮ua	tua	your	degirmenci-ve-tilki:mf02_l02:6 çwa | kauge-nyerib-u-hyeni:h03_l14:1 çwa = your	needs_review	not_reviewed
dari	2	2	ali-agha-ladi-kelhani:1; gespraech-mit-hassan:1	dari; dari.; dā́ri?	dari	take out; trees	ali-agha-ladi-kelhani:a04_l11:0 dari = take out | gespraech-mit-hassan:h02_l10:3 dari = trees	needs_review	not_reviewed
destru	2	2	kauge-nyerib-u-hyeni:1; kauge-nyerib-u-sivani:1	destru; dé̱stru.; dé̱stru,	destru	hand	kauge-nyerib-u-hyeni:h09_l09:1 destru = hand | kauge-nyerib-u-sivani:s06_l02:5 destru = hand	needs_review	not_reviewed
eskere	2	2	ali-agha-ladi-kelhani:1; kauge-nyerib-u-sivani:1	êskêrê; eskére; Eskêrê; E̱skére	eskere	army	ali-agha-ladi-kelhani:a01_l09:2 êskêrê = army | kauge-nyerib-u-sivani:s03_l07:6 Eskêrê = army	needs_review	not_reviewed
eyste	2	2	goin-puhu-kusunun-hikayesi:1; uc-kardes-masali:1	êyştê; eíšte; eíšte	eiste	threw	goin-puhu-kusunun-hikayesi:g04_l04:5 êyştê = threw | uc-kardes-masali:tb09_l13:3 êyştê = threw	needs_review	not_reviewed
hyeris	2	2	gespraech-mit-hassan:1; kauge-nyerib-u-hyeni:1	Hyêris; Hyéris; Hyéris	hyeris	thirty	gespraech-mit-hassan:h01_l06:0 Hyêris = thirty | kauge-nyerib-u-hyeni:h05_l10:9 Hyêris = thirty	needs_review	not_reviewed
kerdini	2	2	kauge-nyerib-u-hyeni:1; kauge-nyerib-u-sivani:1	kêrdini; kerdíni.; kerdíni,	kerdini	was doing; you fought	kauge-nyerib-u-hyeni:h01_l03:9 kêrdini = was doing | kauge-nyerib-u-sivani:s01_l12:11 kêrdini = you fought	needs_review	not_reviewed
law	2	2	degirmenci-ve-tilki:1; uc-kardes-masali:1	law; lau; lau-	lau	mouth; lips	degirmenci-ve-tilki:mf05_l01:1 law = mouth | uc-kardes-masali:tb04_l13:9 law = lips	needs_review	not_reviewed
medi	2	2	kauge-nyerib-u-hyeni:1; kauge-nyerib-u-sivani:1	medi; mé̱di,; mêdi; médi	medi	do not let; -Ahmed	kauge-nyerib-u-hyeni:h05_l08:5 medi = do not let | kauge-nyerib-u-sivani:s01_l06:0 mêdi = -Ahmed	needs_review	not_reviewed
merdwomi	2	2	ali-agha-ladi-kelhani:1; uc-kardes-masali:1	merdwomi; mē̱rduó̤mi; me̱rduómi	merduomi	people	ali-agha-ladi-kelhani:a03_l09:6 merdwomi = people | uc-kardes-masali:tb03_l06:9 merdwomi	needs_review	not_reviewed
min	2	2	kauge-nyerib-u-hyeni:1; uc-kardes-masali:1	min	min	1SG	kauge-nyerib-u-hyeni:h01_l08:3 min = 1SG | uc-kardes-masali:tb04_l09:4 min = 1SG	needs_review	not_reviewed
nemac	2	2	degirmenci-ve-tilki:1; goin-puhu-kusunun-hikayesi:1	nêmac; nemā́d̮; nemā́d̮	nemad	prayer	degirmenci-ve-tilki:mf05_l03:6 nêmac = prayer | goin-puhu-kusunun-hikayesi:g04_l08:4 nêmac = prayer	needs_review	not_reviewed
nyebi	2	2	degirmenci-ve-tilki:1; uc-kardes-masali:1	nyêbi; ńébī,	nebi	there was not; was not	degirmenci-ve-tilki:mf01_l01:3 nyêbi = there was not | uc-kardes-masali:tb01_l01:3 nyêbi = was not	needs_review	not_reviewed
nyeverdanu	2	2	kauge-nyerib-u-sivani:1; uc-kardes-masali:1	nyêvêrdanu; ńeverdā́nu.; nyêverdanu; ńeve̱rdā́nu,	ne-	NEG; spare/leave	kauge-nyerib-u-sivani:s04_l03:7 nyêvêrdanu = NEG; spare/leave | uc-kardes-masali:tb07_l09:0 nyêverdanu = NEG; spare/leave	needs_review	not_reviewed
pangc	2	2	degirmenci-ve-tilki:1; gespraech-mit-hassan:1	pangc; paṅd̮; pāṅd̮	pand	five	degirmenci-ve-tilki:mf02_l14:7 pangc = five | gespraech-mit-hassan:h02_l14:6 pangc = five	needs_review	not_reviewed
rawt	2	2	kauge-nyerib-u-sivani:1; uc-kardes-masali:1	rawt; raút,; raút,	raut	took	kauge-nyerib-u-sivani:s06_l04:0 rawt = took | uc-kardes-masali:tb04_l02:0 rawt = took	needs_review	not_reviewed
rema	2	2	kauge-nyerib-u-hyeni:1; kauge-nyerib-u-sivani:1	rêma; remā́.; rema; re̱mā́,	rema	fled	kauge-nyerib-u-hyeni:h05_l11:8 rêma = fled | kauge-nyerib-u-sivani:s04_l15:9 rema = fled	needs_review	not_reviewed
rez	2	2	gespraech-mit-hassan:1; kauge-nyerib-u-hyeni:1	rez; re̱z	rez	vine; vineyard	gespraech-mit-hassan:h02_l12:1 rez = vine | kauge-nyerib-u-hyeni:h09_l10:2 rez = vineyard	needs_review	not_reviewed
rind	2	2	ali-agha-ladi-kelhani:1; degirmenci-ve-tilki:1	rınd; ri̥nd	rind	good; fine	ali-agha-ladi-kelhani:a02_l01:3 rınd = good | degirmenci-ve-tilki:mf04_l01:6 rınd = fine	needs_review	not_reviewed
ronist	2	2	ali-agha-ladi-kelhani:1; kauge-nyerib-u-hyeni:1	ronişt; rōníšt; rōníšt.	ronist	sat down; sat	ali-agha-ladi-kelhani:a02_l10:6 ronişt = sat down | kauge-nyerib-u-hyeni:h09_l04:5 ronişt = sat	needs_review	not_reviewed
sag	2	2	kauge-nyerib-u-sivani:1; uc-kardes-masali:1	sağ; saγ	sag	life	kauge-nyerib-u-sivani:s04_l09:3 sağ = life | uc-kardes-masali:tb05_l01:3 sağ	needs_review	not_reviewed
say	2	2	degirmenci-ve-tilki:1; goin-puhu-kusunun-hikayesi:1	şay; šai; šai,	sai	pasha; went	degirmenci-ve-tilki:mf02_l11:0 şay = pasha | goin-puhu-kusunun-hikayesi:g04_l07:1 şay = went	needs_review	not_reviewed
senyenu	2	2	gespraech-mit-hassan:1; kauge-nyerib-u-hyeni:1	sênyênu; seńén’u?; seńén’u,	senenu	how are; what happened to	gespraech-mit-hassan:h01_l01:2 sênyênu = how are | kauge-nyerib-u-hyeni:h04_l09:9 sênyênu = what happened to	needs_review	not_reviewed
tabure	2	2	kauge-nyerib-u-hyeni:1; kauge-nyerib-u-sivani:1	taburê; tā́bure; tā́bure	tabure	cartridges	kauge-nyerib-u-hyeni:h08_l05:6 taburê = cartridges | kauge-nyerib-u-sivani:s04_l12:7 taburê = cartridges	needs_review	not_reviewed
twede	2	2	degirmenci-ve-tilki:1; kauge-nyerib-u-hyeni:1	twêdê; túede; túede.	tuede	with you	degirmenci-ve-tilki:mf03_l05:3 twêdê = with you | kauge-nyerib-u-hyeni:h08_l11:1 twêdê = with you	needs_review	not_reviewed
vani	2	2	goin-puhu-kusunun-hikayesi:1; kauge-nyerib-u-sivani:1	vani; vā́ni	vani	you say	goin-puhu-kusunun-hikayesi:g03_l13:7 vani = you say | kauge-nyerib-u-sivani:s05_l06:4 vani = you say	needs_review	not_reviewed
vecaw	2	2	degirmenci-ve-tilki:1; uc-kardes-masali:1	vêcaw; ved̮aú:; Vêcaw; Ved̮aú	vedau	gave honor; came out	degirmenci-ve-tilki:mf04_l04:4 vêcaw = gave honor | uc-kardes-masali:tb02_l01:8 Vêcaw = came out	needs_review	not_reviewed
veci	2	2	ali-agha-ladi-kelhani:1; uc-kardes-masali:1	vêci; ved̮í,; veci; ve̱d̮í,	vedi	came out; leave	ali-agha-ladi-kelhani:a03_l03:9 vêci = came out | uc-kardes-masali:tb01_l04:2 veci = leave	needs_review	not_reviewed
venga	2	2	ali-agha-ladi-kelhani:1; kauge-nyerib-u-hyeni:1	venga; vé̱ṅga	venga	sound; Sound, Audio, Voice	ali-agha-ladi-kelhani:a01_l09:1 venga = sound | kauge-nyerib-u-hyeni:h05_l06:0 venga = Sound, Audio, Voice	needs_review	not_reviewed
vete	2	2	ali-agha-ladi-kelhani:1; goin-puhu-kusunun-hikayesi:1	vetê; vé̱te,; vé̱te	vete	pulled out	ali-agha-ladi-kelhani:a04_l02:10 vetê = pulled out | goin-puhu-kusunun-hikayesi:g03_l15:7 vetê = pulled out	needs_review	not_reviewed
wazenu	2	2	kauge-nyerib-u-sivani:1; uc-kardes-masali:1	wazênu; wazén’u; wazén’u	wastene	want; PRS.3SG	kauge-nyerib-u-sivani:s05_l09:2 wazênu = want; PRS.3SG | uc-kardes-masali:tb07_l04:2 wazênu = want; PRS.3SG	needs_review	not_reviewed
wedert	2	2	degirmenci-ve-tilki:1; goin-puhu-kusunun-hikayesi:1	wedert; we̱dé̱rt.; we̱dé̱rt,	wedert	buried	degirmenci-ve-tilki:mf05_l09:10 wedert = buried | goin-puhu-kusunun-hikayesi:g04_l03:5 wedert = buried	needs_review	not_reviewed
weni	2	2	kauge-nyerib-u-hyeni:1; kauge-nyerib-u-sivani:1	wêni; wén’i,; wén’i,	weni	cut	kauge-nyerib-u-hyeni:h07_l07:7 wêni = cut | kauge-nyerib-u-sivani:s02_l06:12 wêni = cut	needs_review	not_reviewed
weriste	2	2	degirmenci-ve-tilki:1; uc-kardes-masali:1	weriştê; we̱ríšte,; we̱ríšte	weriste	got up	degirmenci-ve-tilki:mf02_l10:1 weriştê = got up | uc-kardes-masali:tb06_l07:5 weriştê = got up	needs_review	not_reviewed
wexti	2	2	kauge-nyerib-u-hyeni:1; kauge-nyerib-u-sivani:1	wexti; wé̱χti; wé̱χti	wexti	time	kauge-nyerib-u-hyeni:h01_l07:8 wexti = time | kauge-nyerib-u-sivani:s02_l02:1 wexti = time	needs_review	not_reviewed
xatir	2	2	kauge-nyerib-u-sivani:1; uc-kardes-masali:1	xatır; χati̥r; χatí̥r	xatir	farewell	kauge-nyerib-u-sivani:s06_l03:3 xatır = farewell | uc-kardes-masali:tb06_l09:8 xatır = farewell	needs_review	not_reviewed
zeyndana	2	2	goin-puhu-kusunun-hikayesi:1; uc-kardes-masali:1	zêyndana; zeindā́na; zeindā́na	zeindana	from the pit; from the prison	goin-puhu-kusunun-hikayesi:g03_l15:6 zêyndana = from the pit | uc-kardes-masali:tb08_l07:2 zêyndana = from the prison	needs_review	not_reviewed
